raw_label,normalized_label,count,group_size
유리병,유리병,40,2
유리 병,유리병,14,2
종이 박스,종이박스,9,2
종이박스,종이박스,7,2
종이 상자,종이상자,94,2
종이상자,종이상자,27,2
플라스틱 병,플라스틱병,121,2
플라스틱병,플라스틱병,1,2
0.25L,0.25L,1,1
0개,0개,1,1
1.25L,1.25L,1,1
1000mL,1000mL,1,1
10개,10개,9,1
10개 이상,10개 이상,11,1
10개입,10개입,1,1
1100 x 2000 mm,1100 x 2000 mm,1,1
11개,11개,10,1
12개,12개,6,1
13개,13개,5,1
14,14,1,1
14개,14개,5,1
15개,15개,4,1
16oz PET 컵 1000개,16oz PET 컵 1000개,1,1
16개,16개,4,1
18L,18L,1,1
18개,18개,3,1
1개,1개,371,1
200ml,200ml,1,1
20개 이상,20개 이상,1,1
21개,21개,1,1
24개,24개,2,1
25개,25개,2,1
26개,26개,1,1
2개,2개,686,1
2권,2권,4,1
2장,2장,1,1
30개,30개,2,1
3개,3개,288,1
3권,3권,1,1
4개,4개,132,1
4개 이상,4개 이상,9,1
4권,4권,1,1
4장,4장,2,1
500 ml,500 ml,1,1
500mL,500mL,1,1
500ml,500ml,6,1
50개입,50개입,3,1
5개,5개,58,1
5개 이상,5개 이상,1,1
6개,6개,31,1
6개입,6개입,1,1
7개,7개,13,1
8개,8개,13,1
9개,9개,34,1
AA형 건전지 4개,AA형 건전지 4개,1,1
Almond Breeze 상자,Almond Breeze 상자,1,1
Asahi 맥주 캔,Asahi 맥주 캔,1,1
CITRA HOP SESSION IPA,CITRA HOP SESSION IPA,1,1
COMPOSE COFFEE,COMPOSE COFFEE,1,1
Cafe`la Size Up,Cafe`la Size Up,1,1
Cantata 콘트라베이스 음료 병,Cantata 콘트라베이스 음료 병,1,1
Dewar`s,Dewar`s,1,1
HARIBO,HARIBO,2,1
HARIBO 골드베렌 통,HARIBO 골드베렌 통,1,1
HARIBO 젤리 봉지,HARIBO 젤리 봉지,1,1
KFC 종이 봉투,KFC 종이 봉투,1,1
KFC 종이봉투,KFC 종이봉투,1,1
Kellogg`s,Kellogg`s,1,1
Kid-O,Kid-O,1,1
Kurly,Kurly,2,1
Maxim 커피믹스 박스,Maxim 커피믹스 박스,1,1
McCOL 500mL x 6 상자,McCOL 500mL x 6 상자,1,1
OPT-FREE 하이드라모이스트 용기,OPT-FREE 하이드라모이스트 용기,1,1
PET(폴리에틸렌 테레프탈레이트),PET(폴리에틸렌 테레프탈레이트),1,1
SPAM 종이 쇼핑백,SPAM 종이 쇼핑백,1,1
TEAZLE,TEAZLE,1,1
TEAZLE 음료수 병,TEAZLE 음료수 병,1,1
Welch`s 포도맛 캔,Welch`s 포도맛 캔,1,1
Werther`s Original 캔디 포장지,Werther`s Original 캔디 포장지,1,1
가방 옆에 있다,가방 옆에 있다,1,1
가운데 줄 중간에 있는 투명 봉투,가운데 줄 중간에 있는 투명 봉투,1,1
가운데와 오른쪽의 플라스틱 컵,가운데와 오른쪽의 플라스틱 컵,1,1
간장 병,간장 병,1,1
간장 소스가 담긴 작은 플라스틱 봉지,간장 소스가 담긴 작은 플라스틱 봉지,1,1
갈색,갈색,3,1
갈색 종이 상자,갈색 종이 상자,2,1
갈색 종이 쇼핑백,갈색 종이 쇼핑백,1,1
갈색 종이봉투,갈색 종이봉투,3,1
갈색 택배 상자,갈색 택배 상자,1,1
갈색과 노란색,갈색과 노란색,1,1
갈색과 흰색이 섞인 종이 상자,갈색과 흰색이 섞인 종이 상자,1,1
감귤,감귤,1,1
감자칩 캔,감자칩 캔,1,1
감자칩 통,감자칩 통,1,1
건전지,건전지,5,1
건전지 4개,건전지 4개,1,1
검은 통 안,검은 통 안,1,1
검은 통 옆 바닥에 있음,검은 통 옆 바닥에 있음,1,1
검은 플라스틱 상자 위,검은 플라스틱 상자 위,1,1
검은색,검은색,5,1
검은색 금속 캔,검은색 금속 캔,1,1
검은색 뚜껑이 있는 병,검은색 뚜껑이 있는 병,1,1
검은색 뚜껑이 있는 음료수 병,검은색 뚜껑이 있는 음료수 병,1,1
검은색 립밤 용기,검은색 립밤 용기,1,1
검은색 마스크 포장 비닐,검은색 마스크 포장 비닐,1,1
검은색 바탕에 흰색 글씨,검은색 바탕에 흰색 글씨,1,1
검은색 사각형 용기,검은색 사각형 용기,1,1
검은색 숟가락 2개,검은색 숟가락 2개,1,1
검은색 용기,검은색 용기,1,1
검은색 용기와 투명한 용기들,검은색 용기와 투명한 용기들,1,1
검은색 자동차 앞 바퀴 옆,검은색 자동차 앞 바퀴 옆,1,1
검은색 캔,검은색 캔,1,1
검은색 커피 스틱 포장 박스,검은색 커피 스틱 포장 박스,1,1
검은색 커피 종이컵,검은색 커피 종이컵,1,1
검은색 통 위,검은색 통 위,1,1
검은색 포크,검은색 포크,1,1
검은색 플라스틱 도시락 용기,검은색 플라스틱 도시락 용기,1,1
검은색 플라스틱 숟가락과 종이 재질 용기,검은색 플라스틱 숟가락과 종이 재질 용기,1,1
검은색 플라스틱 씨앗 트레이 2개,검은색 플라스틱 씨앗 트레이 2개,1,1
검은색 플라스틱 용기,검은색 플라스틱 용기,2,1
검은색 플라스틱 펜,검은색 플라스틱 펜,1,1
검은색 플라스틱 포크,검은색 플라스틱 포크,2,1
검은색과 하늘색,검은색과 하늘색,1,1
"검은색은 플라스틱, 노란색은 플라스틱","검은색은 플라스틱, 노란색은 플라스틱",1,1
검은콩 두유,검은콩 두유,1,1
검정,검정,1,1
"검정, 분홍, 파랑","검정, 분홍, 파랑",1,1
검정색과 갈색,검정색과 갈색,1,1
검정색과 파란색,검정색과 파란색,1,1
검정색과 흰색,검정색과 흰색,1,1
격자무늬가 있는 종이,격자무늬가 있는 종이,1,1
계단 옆 바닥에 쌓여 있다,계단 옆 바닥에 쌓여 있다,1,1
계단 위 왼쪽 모서리에 놓여 있다.,계단 위 왼쪽 모서리에 놓여 있다.,1,1
계단 위에 검은색 뚜껑이 있는 용기,계단 위에 검은색 뚜껑이 있는 용기,1,1
계란 상자,계란 상자,1,1
계란판,계란판,12,1
계란판과 박스,계란판과 박스,2,1
계란판과 상자,계란판과 상자,1,1
계란판과 종이 상자,계란판과 종이 상자,1,1
계란판과 종이박스,계란판과 종이박스,1,1
계란판과 종이상자,계란판과 종이상자,3,1
계란판과 피자 상자,계란판과 피자 상자,1,1
고무,고무,1,1
고소미 과자 상자,고소미 과자 상자,1,1
고양이 화장실,고양이 화장실,1,1
고추장,고추장,1,1
고추장 통,고추장 통,1,1
골판지 박스,골판지 박스,1,1
골판지 상자,골판지 상자,5,1
골판지 상자와 종이 쇼핑백,골판지 상자와 종이 쇼핑백,1,1
골판지 상자와 종이봉투,골판지 상자와 종이봉투,1,1
골판지 조각,골판지 조각,1,1
과일 그림이 그려진 종이 상자,과일 그림이 그려진 종이 상자,1,1
과일주스 캔,과일주스 캔,1,1
과자 봉지,과자 봉지,4,1
과자 상자,과자 상자,7,1
관목 사이 땅 위에,관목 사이 땅 위에,1,1
광고 전단지,광고 전단지,2,1
금색,금색,1,1
금속,금속,48,1
금속 상자,금속 상자,1,1
금속 캔 1개,금속 캔 1개,1,1
금속 캔 두 개,금속 캔 두 개,1,1
금속 캔 용기,금속 캔 용기,1,1
금속 캔 음료,금속 캔 음료,1,1
금속 캔 형태의 용기,금속 캔 형태의 용기,1,1
금속 캔은 빨간색과 금색이 섞여 있다.,금속 캔은 빨간색과 금색이 섞여 있다.,1,1
금속 케이스,금속 케이스,1,1
금속 텀블러,금속 텀블러,1,1
금속 포일,금속 포일,1,1
금속(알루미늄 캔),금속(알루미늄 캔),3,1
금속(캔),금속(캔),4,1
금속류,금속류,2,1
금속 캔,금속캔,34,1
기둥 왼쪽 바닥에 놓여 있음,기둥 왼쪽 바닥에 놓여 있음,1,1
기분 물 DEEP WATER 종이팩,기분 물 DEEP WATER 종이팩,1,1
기픈 물 DEEP WATER 종이팩,기픈 물 DEEP WATER 종이팩,1,1
길가에 세워진 박스 안,길가에 세워진 박스 안,1,1
길가의 낙엽 위,길가의 낙엽 위,2,1
김밥,김밥,1,1
깨진 유리판,깨진 유리판,1,1
꿀홍삼 음료,꿀홍삼 음료,1,1
끈으로 묶여 있음,끈으로 묶여 있음,1,1
나무 가지 사이 땅 위,나무 가지 사이 땅 위,1,1
나무 밑 흙 위에 누워 있다.,나무 밑 흙 위에 누워 있다.,1,1
나무 선반 아래 바닥에 있는 흰색 용기,나무 선반 아래 바닥에 있는 흰색 용기,1,1
나무 선반 위,나무 선반 위,1,1
나무 아래 땅 위,나무 아래 땅 위,1,1
나무 아래 흙 위,나무 아래 흙 위,1,1
나무 옆 땅바닥에 쌓여 있다,나무 옆 땅바닥에 쌓여 있다,1,1
나무 옆 바닥에 놓여 있다.,나무 옆 바닥에 놓여 있다.,1,1
나무 옆 흙 위,나무 옆 흙 위,1,1
나무 오른쪽의 흰 상자 옆에 세워진 판지들,나무 오른쪽의 흰 상자 옆에 세워진 판지들,1,1
나무 젓가락 두 개,나무 젓가락 두 개,1,1
나무 조각,나무 조각,1,1
나무 주변 땅 위,나무 주변 땅 위,1,1
나무 테이블 왼쪽,나무 테이블 왼쪽,1,1
냄비 뚜껑,냄비 뚜껑,1,1
네 장 이상,네 장 이상,1,1
노란 뚜껑의 금속 캔,노란 뚜껑의 금속 캔,1,1
노란 벽 앞 테이블 위,노란 벽 앞 테이블 위,1,1
노란 빨대가 꽂힌 투명 컵,노란 빨대가 꽂힌 투명 컵,1,1
노란색,노란색,35,1
노란색 과자 상자,노란색 과자 상자,1,1
노란색 뚜껑과 투명한 병,노란색 뚜껑과 투명한 병,1,1
노란색 뚜껑이 있는 금속 용기,노란색 뚜껑이 있는 금속 용기,1,1
노란색 뚜껑이 있는 초록색 플라스틱 용기,노란색 뚜껑이 있는 초록색 플라스틱 용기,1,1
노란색 리코리스 박스,노란색 리코리스 박스,1,1
노란색 바구니,노란색 바구니,1,1
노란색 빨대,노란색 빨대,6,1
노란색 빨대가 꽂힌 투명 컵,노란색 빨대가 꽂힌 투명 컵,2,1
노란색 사탕 봉지,노란색 사탕 봉지,1,1
노란색 상자,노란색 상자,2,1
노란색 상자 포장재,노란색 상자 포장재,1,1
노란색 알루미늄 용기,노란색 알루미늄 용기,1,1
노란색 종이 포장지,노란색 종이 포장지,1,1
노란색 캔,노란색 캔,1,1
노란색 풀 튜브,노란색 풀 튜브,1,1
노란색 플라스틱 빨대,노란색 플라스틱 빨대,1,1
"노란색, 갈색, 초록색, 흰색","노란색, 갈색, 초록색, 흰색",1,1
노란색과 분홍색,노란색과 분홍색,10,1
노란색과 빨간색,노란색과 빨간색,2,1
노란색과 빨간색이 섞인 사각형 용기,노란색과 빨간색이 섞인 사각형 용기,1,1
노란색과 초록색,노란색과 초록색,4,1
노란색과 파란색,노란색과 파란색,1,1
노란색과 흰색이 섞인 종이 포장지,노란색과 흰색이 섞인 종이 포장지,1,1
노란색과 흰색이 섞인 종이봉투,노란색과 흰색이 섞인 종이봉투,1,1
노란색과 흰색이 섞인 카드 박스,노란색과 흰색이 섞인 카드 박스,1,1
녹색,녹색,3,1
녹색 과자 봉지,녹색 과자 봉지,1,1
녹색 그물망 안의 신문과 종이류,녹색 그물망 안의 신문과 종이류,1,1
녹색 뚜껑이 있는 작은 쓰레기통,녹색 뚜껑이 있는 작은 쓰레기통,1,1
녹색 문 앞 바닥에 쌓여 있다,녹색 문 앞 바닥에 쌓여 있다,1,1
녹색 비닐봉지 옆에 놓여 있다.,녹색 비닐봉지 옆에 놓여 있다.,1,1
녹색 유리병,녹색 유리병,1,1
녹색 캔,녹색 캔,1,1
녹색 캔 음료수,녹색 캔 음료수,1,1
녹색 캔 한 개,녹색 캔 한 개,1,1
녹색 캡이 달린 알루미늄 튜브,녹색 캡이 달린 알루미늄 튜브,1,1
녹색 페트병과 투명 플라스틱 컵,녹색 페트병과 투명 플라스틱 컵,1,1
"녹색, 투명, 갈색","녹색, 투명, 갈색",1,1
닥터 페퍼,닥터 페퍼,1,1
담배갑,담배갑,2,1
담배꽁초,담배꽁초,1,1
대나무 칫솔과 유리병,대나무 칫솔과 유리병,1,1
덴타탁 액티브 상자,덴타탁 액티브 상자,1,1
도넛 상자,도넛 상자,1,1
도자기류,도자기류,1,1
돌담 위에 빨간 빨대가 꽂힌 플라스틱 컵,돌담 위에 빨간 빨대가 꽂힌 플라스틱 컵,1,1
돔형 뚜껑,돔형 뚜껑,1,1
두 상자 모두 재활용 가능,두 상자 모두 재활용 가능,1,1
두 상자 모두 종이 재활용이다.,두 상자 모두 종이 재활용이다.,1,1
두 용기 모두 종이류,두 용기 모두 종이류,1,1
"두 컵 모두 플라스틱 재질이며, 노란색 빨대가 꽂혀 있다.","두 컵 모두 플라스틱 재질이며, 노란색 빨대가 꽂혀 있다.",1,1
두유,두유,5,1
두유 종이팩,두유 종이팩,1,1
둘 다 플라스틱 재질,둘 다 플라스틱 재질,1,1
디퓨저 병,디퓨저 병,1,1
딸기 맛,딸기 맛,1,1
딸기맛 스틱 캔디 상자,딸기맛 스틱 캔디 상자,1,1
딸기와 사람들 그림,딸기와 사람들 그림,1,1
뚜껑,뚜껑,1,1
뚜껑과 빨대가 모두 플라스틱 재질이다.,뚜껑과 빨대가 모두 플라스틱 재질이다.,1,1
뚜껑과 빨대가 모두 플라스틱으로 되어 있다.,뚜껑과 빨대가 모두 플라스틱으로 되어 있다.,3,1
뚜껑과 빨대가 있는 투명 컵,뚜껑과 빨대가 있는 투명 컵,1,1
뚜껑과 빨대가 있는 투명 플라스틱 컵,뚜껑과 빨대가 있는 투명 플라스틱 컵,1,1
뚜껑과 빨대가 있는 플라스틱 컵,뚜껑과 빨대가 있는 플라스틱 컵,2,1
뚜껑과 빨대가 포함되어 있다.,뚜껑과 빨대가 포함되어 있다.,1,1
뚜껑과 빨대가 플라스틱으로 되어 있다,뚜껑과 빨대가 플라스틱으로 되어 있다,1,1
"뚜껑은 투명, 빨대는 노란색","뚜껑은 투명, 빨대는 노란색",5,1
"뚜껑은 투명, 빨대는 빨간색","뚜껑은 투명, 빨대는 빨간색",1,1
"뚜껑은 투명, 빨대는 초록색","뚜껑은 투명, 빨대는 초록색",1,1
뚜껑이 열려 있음,뚜껑이 열려 있음,1,1
뚜껑이 있고 빨대가 꽂혀 있다.,뚜껑이 있고 빨대가 꽂혀 있다.,1,1
뚜껑이 있고 빨대가 꽂혀 있음,뚜껑이 있고 빨대가 꽂혀 있음,1,1
뚜껑이 있고 빨대가 노란색이다.,뚜껑이 있고 빨대가 노란색이다.,1,1
뚜껑이 있는 사각 용기,뚜껑이 있는 사각 용기,1,1
뚜껑이 있는 투명한 플라스틱 컵,뚜껑이 있는 투명한 플라스틱 컵,1,1
뚜껑이 있는 플라스틱 컵,뚜껑이 있는 플라스틱 컵,1,1
뚜껑이 있는 흰색 플라스틱 용기,뚜껑이 있는 흰색 플라스틱 용기,1,1
뚜껑이 초록색인 투명 플라스틱 병,뚜껑이 초록색인 투명 플라스틱 병,1,1
뚜껑이 플라스틱이고 빨대가 꽂혀 있다.,뚜껑이 플라스틱이고 빨대가 꽂혀 있다.,1,1
뚜껑이 플라스틱이고 빨대가 꽂혀 있음,뚜껑이 플라스틱이고 빨대가 꽂혀 있음,1,1
"라면 용기: 플라스틱, 만두 포장재: 비닐","라면 용기: 플라스틱, 만두 포장재: 비닐",1,1
레몬맛,레몬맛,1,1
록스 글라스와 하이볼 글라스,록스 글라스와 하이볼 글라스,1,1
롯데 롯세 파인애플 과자 상자,롯데 롯세 파인애플 과자 상자,1,1
롯데 마가렛트 오리지널 쿠키 상자,롯데 마가렛트 오리지널 쿠키 상자,1,1
립 케어 스틱,립 케어 스틱,1,1
립밤 용기,립밤 용기,1,1
립밤 튜브,립밤 튜브,1,1
마커 8색이 들어있는 플라스틱 케이스,마커 8색이 들어있는 플라스틱 케이스,1,1
말린 종이 뭉치,말린 종이 뭉치,1,1
말차 음료,말차 음료,1,1
망고맛,망고맛,1,1
매일 두유 종이팩,매일 두유 종이팩,1,1
매일두유,매일두유,1,1
맥주,맥주,2,1
맥주 캔,맥주 캔,2,1
멀티비타민 슈퍼샷 병,멀티비타민 슈퍼샷 병,1,1
명함,명함,1,1
모니터 클리닝 일회용 티슈 상자,모니터 클리닝 일회용 티슈 상자,1,1
모두 종이 재질이다,모두 종이 재질이다,1,1
모두 종이류로 분류된다,모두 종이류로 분류된다,1,1
모두 플라스틱 재질이다,모두 플라스틱 재질이다,1,1
몬스터 에너지 음료 캔,몬스터 에너지 음료 캔,1,1
몬스터 에너지 캔,몬스터 에너지 캔,1,1
무선 이어폰 케이스,무선 이어폰 케이스,1,1
묶여 있는 골판지 상자들,묶여 있는 골판지 상자들,1,1
문 앞 바닥에 놓여 있다,문 앞 바닥에 놓여 있다,1,1
물,물,1,1
물병,물병,3,1
물티슈 케이스,물티슈 케이스,1,1
물티슈 포장,물티슈 포장,1,1
밀키스 캔,밀키스 캔,1,1
바나나맛,바나나맛,2,1
바닥 위,바닥 위,1,1
"바닥 위, 오른쪽에 위치한 초록색 병","바닥 위, 오른쪽에 위치한 초록색 병",1,1
바닥 중앙,바닥 중앙,1,1
바닥 중앙에 쌓여 있음,바닥 중앙에 쌓여 있음,1,1
바닥에 놓여 있음,바닥에 놓여 있음,3,1
바닥에 놓인 상자 안,바닥에 놓인 상자 안,1,1
바닥에 쌓여 있다,바닥에 쌓여 있다,1,1
바닥에 펼쳐진 판지 위,바닥에 펼쳐진 판지 위,1,1
바닥에 흰색 용기,바닥에 흰색 용기,1,1
바위 위,바위 위,1,1
박스,박스,4,1
박스 상자,박스 상자,2,1
박스 안,박스 안,1,1
박스 안쪽에 들어있다,박스 안쪽에 들어있다,1,1
박스 형태,박스 형태,2,1
박스 형태로 쌓여 있음,박스 형태로 쌓여 있음,1,1
박스 형태로 접혀서 쌓여 있음,박스 형태로 접혀서 쌓여 있음,1,1
박스 형태의 종이,박스 형태의 종이,1,1
박스와 종이책자,박스와 종이책자,1,1
박스와 펼쳐진 골판지,박스와 펼쳐진 골판지,1,1
"발포 스티로폼은 플라스틱, 플라스틱 용기는 플라스틱","발포 스티로폼은 플라스틱, 플라스틱 용기는 플라스틱",1,1
버터 와플 상자,버터 와플 상자,1,1
벤치 앞 바닥에 있다.,벤치 앞 바닥에 있다.,1,1
벤치 위,벤치 위,1,1
벽 옆 바닥에 놓여 있다,벽 옆 바닥에 놓여 있다,1,1
벽과 바닥 모서리 사이에 있는 흰색 종이봉투,벽과 바닥 모서리 사이에 있는 흰색 종이봉투,1,1
벽과 배관 사이 바닥에 있음,벽과 배관 사이 바닥에 있음,1,1
"병 1개, 캔 1개","병 1개, 캔 1개",1,1
보도블록 위에 놓여 있다,보도블록 위에 놓여 있다,1,1
보라색,보라색,13,1
보라색 상자,보라색 상자,1,1
보라색 알루미늄 포장지,보라색 알루미늄 포장지,1,1
보라색 플라스틱 볼펜,보라색 플라스틱 볼펜,1,1
보라색과 분홍색,보라색과 분홍색,1,1
복사용지 뭉치,복사용지 뭉치,1,1
복숭아 맛,복숭아 맛,2,1
복숭아 맛 음료,복숭아 맛 음료,1,1
복숭아 허니 그린티 음료 파우치,복숭아 허니 그린티 음료 파우치,1,1
부분적으로 찢어진 종이,부분적으로 찢어진 종이,1,1
분홍색,분홍색,30,1
분홍색 뚜껑,분홍색 뚜껑,1,1
분홍색 종이컵 홀더,분홍색 종이컵 홀더,1,1
분홍색 종이컵과 노란색 컵홀더,분홍색 종이컵과 노란색 컵홀더,1,1
분홍색 컵 뚜껑,분홍색 컵 뚜껑,1,1
분홍색 토끼 캐릭터,분홍색 토끼 캐릭터,1,1
분홍색 화장품 상자,분홍색 화장품 상자,1,1
분홍색과 갈색의 컵 홀더 2개,분홍색과 갈색의 컵 홀더 2개,1,1
분홍색과 노란색,분홍색과 노란색,2,1
분홍색과 보라색,분홍색과 보라색,1,1
분홍색과 빨간색,분홍색과 빨간색,1,1
분홍색과 하늘색,분홍색과 하늘색,1,1
분홍색과 흰색,분홍색과 흰색,1,1
불닭볶음면,불닭볶음면,1,1
불에 타는 소화기 옆에 있는 구겨진 종이,불에 타는 소화기 옆에 있는 구겨진 종이,1,1
비닐 랩,비닐 랩,1,1
비닐 포장지,비닐 포장지,1,1
비닐 플라스틱,비닐 플라스틱,1,1
비닐(플라스틱),비닐(플라스틱),1,1
비닐류,비닐류,1,1
비닐류로 분리배출,비닐류로 분리배출,1,1
비닐봉지,비닐봉지,2,1
"비닐봉지는 플라스틱, 과자봉지는 비닐","비닐봉지는 플라스틱, 과자봉지는 비닐",1,1
비닐봉지와 뽁뽁이,비닐봉지와 뽁뽁이,2,1
비닐봉투,비닐봉투,3,1
비스킷 상자,비스킷 상자,2,1
비타민C 상자,비타민C 상자,1,1
빈 종이 상자,빈 종이 상자,1,1
빈 페트병,빈 페트병,1,1
빗,빗,1,1
빨간 무늬가 있는 플라스틱 쟁반,빨간 무늬가 있는 플라스틱 쟁반,1,1
빨간 빨대가 꽂힌 투명 컵,빨간 빨대가 꽂힌 투명 컵,2,1
빨간 수레 왼쪽 앞부분,빨간 수레 왼쪽 앞부분,1,1
빨간 쓰레받기,빨간 쓰레받기,1,1
빨간 플라스틱 쓰레받기,빨간 플라스틱 쓰레받기,1,1
빨간색,빨간색,25,1
빨간색 brrr 콜라 캔,빨간색 brrr 콜라 캔,1,1
빨간색 과자 상자,빨간색 과자 상자,2,1
빨간색 뚜껑이 있는 쓰레기통,빨간색 뚜껑이 있는 쓰레기통,1,1
빨간색 띠가 감긴 흰색 용기,빨간색 띠가 감긴 흰색 용기,1,1
빨간색 벽돌 모양 바닥 중앙,빨간색 벽돌 모양 바닥 중앙,1,1
빨간색 비닐봉투,빨간색 비닐봉투,1,1
빨간색 빨대,빨간색 빨대,1,1
"빨간색 상자, 파란색 상자, 갈색 상자","빨간색 상자, 파란색 상자, 갈색 상자",1,1
빨간색 에너지 음료 캔,빨간색 에너지 음료 캔,1,1
빨간색 원통형 포장지,빨간색 원통형 포장지,1,1
빨간색 음료 용기와 뚜껑,빨간색 음료 용기와 뚜껑,1,1
빨간색 음료 캔,빨간색 음료 캔,2,1
빨간색 종이 띠,빨간색 종이 띠,1,1
빨간색 캔,빨간색 캔,1,1
빨간색 캔 음료,빨간색 캔 음료,1,1
빨간색 플라스틱 뚜껑이 있는 금속 용기,빨간색 플라스틱 뚜껑이 있는 금속 용기,1,1
빨간색 플라스틱 의자,빨간색 플라스틱 의자,1,1
"빨간색, 흰색, 파란색, 초록색","빨간색, 흰색, 파란색, 초록색",1,1
빨간색과 갈색,빨간색과 갈색,1,1
빨간색과 노란색 글자가 적힌 종이 띠,빨간색과 노란색 글자가 적힌 종이 띠,1,1
빨간색과 은색,빨간색과 은색,1,1
빨간색과 초록색 상자,빨간색과 초록색 상자,1,1
빨간색과 흰색이 그라데이션된 종이컵,빨간색과 흰색이 그라데이션된 종이컵,1,1
빨간색과 흰색이 섞인 용기,빨간색과 흰색이 섞인 용기,1,1
빨대,빨대,6,1
빨대가 꽂힌 투명 플라스틱 컵,빨대가 꽂힌 투명 플라스틱 컵,2,1
빨대와 컵 뚜껑,빨대와 컵 뚜껑,2,1
빨대와 투명 컵,빨대와 투명 컵,2,1
빨대와 흰색 뚜껑,빨대와 흰색 뚜껑,1,1
빼빼로 상자,빼빼로 상자,2,1
뽁뽁이(에어캡),뽁뽁이(에어캡),2,1
사각형 플라스틱 트레이,사각형 플라스틱 트레이,1,1
사과 주스 캔,사과 주스 캔,2,1
사과맛,사과맛,1,1
사과맛 사이다 캔,사과맛 사이다 캔,1,1
사무용 메쉬 의자 포장 상자,사무용 메쉬 의자 포장 상자,1,1
사진 중앙 오른쪽 바닥에 쌓여 있음,사진 중앙 오른쪽 바닥에 쌓여 있음,1,1
사진 중앙과 오른쪽 바닥에 쌓여 있다,사진 중앙과 오른쪽 바닥에 쌓여 있다,1,1
삼성 복사용지 박스,삼성 복사용지 박스,1,1
삼성 쇼핑백,삼성 쇼핑백,1,1
삼양 불닭볶음면,삼양 불닭볶음면,2,1
상자 모양의 포장지,상자 모양의 포장지,1,1
생수,생수,1,1
생수 페트병,생수 페트병,1,1
생수병,생수병,3,1
서울우유,서울우유,1,1
서울우유 100%,서울우유 100%,1,1
소주병,소주병,2,1
소주병과 맥주병,소주병과 맥주병,2,1
소주병과 플라스틱 음료병,소주병과 플라스틱 음료병,1,1
손 세정제 용기,손 세정제 용기,1,1
손에 들린 음료 종이팩,손에 들린 음료 종이팩,1,1
숟가락과 젓가락,숟가락과 젓가락,1,1
술병,술병,1,1
슈퍼 사워 웜스 박스,슈퍼 사워 웜스 박스,1,1
스킨케어용 튜브형 용기,스킨케어용 튜브형 용기,1,1
스타벅스 음료 운반용 박스,스타벅스 음료 운반용 박스,1,1
스타벅스 음료 운반용 종이 케이스,스타벅스 음료 운반용 종이 케이스,2,1
스타벅스 종이컵 케이스,스타벅스 종이컵 케이스,1,1
스타벅스 종이컵 홀더,스타벅스 종이컵 홀더,1,1
스탠리 텀블러의 뚜껑,스탠리 텀블러의 뚜껑,1,1
스테인리스 컵,스테인리스 컵,1,1
스티로폼,스티로폼,27,1
스티로폼 상자 옆에 투명 비닐봉지 안에 모여 있다.,스티로폼 상자 옆에 투명 비닐봉지 안에 모여 있다.,1,1
스티로폼 용기 3개,스티로폼 용기 3개,1,1
스티로폼 재질 용기,스티로폼 재질 용기,1,1
스티로폼 박스,스티로폼박스,4,1
스팸 캔,스팸 캔,3,1
스팸 통조림,스팸 통조림,1,1
시리얼 상자,시리얼 상자,1,1
신문과 종이박스,신문과 종이박스,1,1
신문지,신문지,4,1
신문지와 골판지 박스,신문지와 골판지 박스,1,1
쓰레기 봉투 옆에 놓여 있다,쓰레기 봉투 옆에 놓여 있다,1,1
쓰레기봉투 옆 바닥에 있다,쓰레기봉투 옆 바닥에 있다,1,1
쓰레기통 옆에 기대어 있다,쓰레기통 옆에 기대어 있다,1,1
아몬드 브리즈 팩,아몬드 브리즈 팩,1,1
아보카도,아보카도,1,1
아이스 커피 컵과 뚜껑,아이스 커피 컵과 뚜껑,1,1
안경 케이스,안경 케이스,1,1
알루미늄 음료 캔,알루미늄 음료 캔,4,1
알루미늄 캔,알루미늄 캔,67,1
알루미늄 캔 - 금속류,알루미늄 캔 - 금속류,1,1
알루미늄 캔 1개,알루미늄 캔 1개,2,1
"알루미늄 캔 1개, 플라스틱 병 1개","알루미늄 캔 1개, 플라스틱 병 1개",3,1
알루미늄 캔 2개,알루미늄 캔 2개,11,1
알루미늄 캔 3개,알루미늄 캔 3개,1,1
알루미늄 캔 두 개,알루미늄 캔 두 개,1,1
"알루미늄 캔은 금속, 골판지 상자는 종이","알루미늄 캔은 금속, 골판지 상자는 종이",1,1
"알루미늄 캔은 캔류, 플라스틱 컵은 플라스틱류로 분리 배출한다.","알루미늄 캔은 캔류, 플라스틱 컵은 플라스틱류로 분리 배출한다.",1,1
알루미늄 포장지,알루미늄 포장지,1,1
알루미늄 호일,알루미늄 호일,1,1
알약 포장지,알약 포장지,2,1
앞쪽 쓰레기통,앞쪽 쓰레기통,1,1
약 40개,약 40개,1,1
얼음,얼음,3,1
얼음 조각,얼음 조각,1,1
없음,없음,2,1
에너지 드링크 캔,에너지 드링크 캔,1,1
에너지 음료 캔,에너지 음료 캔,2,1
에어캡(뽁뽁이),에어캡(뽁뽁이),1,1
에클립스 캔디 케이스,에클립스 캔디 케이스,1,1
열쇠고리,열쇠고리,1,1
영양소 파이 상자,영양소 파이 상자,1,1
오뚜기 카레 소스 상자,오뚜기 카레 소스 상자,1,1
오뜨 치즈 과자 상자,오뜨 치즈 과자 상자,1,1
오렌지 주스와 사과 주스,오렌지 주스와 사과 주스,1,1
오렌지색 상자,오렌지색 상자,1,1
오렌지색 종이 포장지,오렌지색 종이 포장지,1,1
오른쪽 가스레인지 위,오른쪽 가스레인지 위,1,1
오른쪽 나뭇가지 아래,오른쪽 나뭇가지 아래,1,1
오른쪽 바닥에 쌓여 있다,오른쪽 바닥에 쌓여 있다,1,1
오른쪽 아래 칸,오른쪽 아래 칸,1,1
오른쪽 음료팩,오른쪽 음료팩,1,1
오른쪽의 TEAZLE 음료 병,오른쪽의 TEAZLE 음료 병,1,1
옥수수 통조림 캔,옥수수 통조림 캔,2,1
옥수수염차,옥수수염차,1,1
올리브 오일 병,올리브 오일 병,1,1
완전히 접혀서 평평한 상태,완전히 접혀서 평평한 상태,1,1
"왼쪽 4L, 오른쪽 4L","왼쪽 4L, 오른쪽 4L",1,1
왼쪽 바닥에 쌓여 있는 상자들 위,왼쪽 바닥에 쌓여 있는 상자들 위,1,1
"왼쪽 병은 파란색, 오른쪽 병은 초록색 뚜껑이다.","왼쪽 병은 파란색, 오른쪽 병은 초록색 뚜껑이다.",1,1
"왼쪽 상자는 종이 재질, 오른쪽 상자는 종이 재질이다.","왼쪽 상자는 종이 재질, 오른쪽 상자는 종이 재질이다.",1,1
왼쪽 컵,왼쪽 컵,1,1
"왼쪽 컵 1개, 오른쪽 컵 1개","왼쪽 컵 1개, 오른쪽 컵 1개",1,1
"왼쪽 컵의 빨대는 플라스틱, 오른쪽 컵의 빨대는 종이","왼쪽 컵의 빨대는 플라스틱, 오른쪽 컵의 빨대는 종이",1,1
왼쪽 흰색 망,왼쪽 흰색 망,1,1
왼쪽 흰색 바구니,왼쪽 흰색 바구니,1,1
왼쪽에 있는 투명 컵,왼쪽에 있는 투명 컵,1,1
왼쪽의 골판지 조각,왼쪽의 골판지 조각,1,1
요거트 용기,요거트 용기,1,1
우동 용기,우동 용기,1,1
우생장갑 상자,우생장갑 상자,1,1
우유,우유,2,1
우유팩,우유팩,3,1
운동화 상자,운동화 상자,1,1
위 세 가지 모두,위 세 가지 모두,3,1
유리,유리,50,1
유리 물병,유리 물병,1,1
유리 접시,유리 접시,1,1
유리 컵,유리 컵,1,1
"유리병 1개, 종이팩 1개","유리병 1개, 종이팩 1개",1,1
"유리병 1개, 플라스틱 병 1개","유리병 1개, 플라스틱 병 1개",2,1
"유리병 1개, 플라스틱병 1개","유리병 1개, 플라스틱병 1개",1,1
유리병 재활용,유리병 재활용,1,1
유리병과 캔,유리병과 캔,1,1
유리병과 플라스틱 병,유리병과 플라스틱 병,1,1
유리병과 플라스틱 용기,유리병과 플라스틱 용기,1,1
유리와 플라스틱,유리와 플라스틱,1,1
유리컵,유리컵,3,1
은박 포장재가 있는 상자 안,은박 포장재가 있는 상자 안,1,1
은박 포장지 조각,은박 포장지 조각,1,1
은박지 포장지,은박지 포장지,1,1
은색 바탕에 분홍색 손잡이,은색 바탕에 분홍색 손잡이,1,1
은색과 분홍색 포장재,은색과 분홍색 포장재,1,1
은색과 주황색 그릇,은색과 주황색 그릇,1,1
음료 캔 뚜껑,음료 캔 뚜껑,1,1
음료 컵 뚜껑,음료 컵 뚜껑,1,1
음료 컵 홀더,음료 컵 홀더,1,1
음료 컵과 뚜껑,음료 컵과 뚜껑,5,1
음료 컵과 빨대,음료 컵과 빨대,1,1
음료 컵의 겉면 포장지,음료 컵의 겉면 포장지,1,1
음료 페트병,음료 페트병,1,1
음료가 담긴 투명 컵과 뚜껑,음료가 담긴 투명 컵과 뚜껑,3,1
음료가 담긴 투명 컵과 빨대,음료가 담긴 투명 컵과 빨대,2,1
음료가 담긴 투명 플라스틱 컵,음료가 담긴 투명 플라스틱 컵,5,1
음료가 담긴 투명 플라스틱 컵과 빨대,음료가 담긴 투명 플라스틱 컵과 빨대,1,1
음료가 담긴 투명한 플라스틱 컵,음료가 담긴 투명한 플라스틱 컵,1,1
음료가 담긴 플라스틱 컵,음료가 담긴 플라스틱 컵,1,1
음료수 PET 병,음료수 PET 병,1,1
음료수 병,음료수 병,4,1
음료수 종이 상자,음료수 종이 상자,1,1
음료수 캔과 맥주 캔,음료수 캔과 맥주 캔,1,1
음료수 캔과 빈 통조림 캔,음료수 캔과 빈 통조림 캔,1,1
음료수 캔과 식품 캔,음료수 캔과 식품 캔,1,1
음료수 컵과 빨대,음료수 컵과 빨대,1,1
음료수 페트병,음료수 페트병,3,1
음료수 캔,음료수캔,7,1
음료 캔,음료캔,14,1
음식 포장 상자,음식 포장 상자,1,1
이클립스 껌 상자,이클립스 껌 상자,1,1
인도 위,인도 위,1,1
인쇄된 문서,인쇄된 문서,1,1
인쇄된 안내문,인쇄된 안내문,1,1
일회용 마스크,일회용 마스크,1,1
일회용 커피 컵 뚜껑,일회용 커피 컵 뚜껑,1,1
잎사귀 그림이 그려진 액자,잎사귀 그림이 그려진 액자,1,1
작은 흰색 뚜껑이 있는 병,작은 흰색 뚜껑이 있는 병,1,1
전구,전구,1,1
전단지와 광고지,전단지와 광고지,1,1
전봇대 옆,전봇대 옆,1,1
접시 바로 앞쪽,접시 바로 앞쪽,1,1
접힌 박스 형태,접힌 박스 형태,1,1
접힌 흰색 종이,접힌 흰색 종이,1,1
제로 슈가 라임 맛,제로 슈가 라임 맛,1,1
제로 카페인 제로 슈가 음료 캔,제로 카페인 제로 슈가 음료 캔,1,1
제품을 감싸는 투명 비닐 포장재,제품을 감싸는 투명 비닐 포장재,1,1
조지아,조지아,1,1
종이,종이,132,1
종이 계란판,종이 계란판,2,1
종이 과자 상자,종이 과자 상자,3,1
종이 냅킨,종이 냅킨,1,1
종이 노트,종이 노트,1,1
종이 달걀판,종이 달걀판,2,1
종이 담배갑,종이 담배갑,3,1
종이 담배갑 2개,종이 담배갑 2개,1,1
종이 뭉치,종이 뭉치,1,1
종이 및 골판지,종이 및 골판지,1,1
종이 및 종이팩,종이 및 종이팩,1,1
종이 박스 포장재,종이 박스 포장재,1,1
종이 박스와 비닐 포장재,종이 박스와 비닐 포장재,1,1
종이 박스와 종이 완충재,종이 박스와 종이 완충재,1,1
종이 상자 두 개,종이 상자 두 개,1,1
종이 상자 안,종이 상자 안,1,1
종이 상자와 비닐 포장된 감자칩 봉지,종이 상자와 비닐 포장된 감자칩 봉지,1,1
종이 상자와 종이 봉투,종이 상자와 종이 봉투,4,1
종이 상자와 종이 쇼핑백,종이 상자와 종이 쇼핑백,2,1
종이 상자와 종이 카드,종이 상자와 종이 카드,1,1
종이 상자와 종이류,종이 상자와 종이류,1,1
종이 상자와 플라스틱 봉투,종이 상자와 플라스틱 봉투,1,1
종이 상자와 플라스틱 알약 포장,종이 상자와 플라스틱 알약 포장,1,1
종이 상자와 플라스틱 튜브,종이 상자와 플라스틱 튜브,1,1
종이 쇼핑백,종이 쇼핑백,2,1
종이 심지,종이 심지,1,1
종이 용기,종이 용기,5,1
종이 재질,종이 재질,7,1
"종이 재질, 종이류","종이 재질, 종이류",1,1
종이 재질의 과자 상자,종이 재질의 과자 상자,2,1
종이 재질의 달걀판,종이 재질의 달걀판,1,1
종이 재질의 상자,종이 재질의 상자,6,1
종이 재질의 안내문,종이 재질의 안내문,1,1
종이 재질의 음료 컵 홀더,종이 재질의 음료 컵 홀더,1,1
종이 재질의 컵 홀더,종이 재질의 컵 홀더,1,1
종이 재질의 컵 홀더가 붙은 투명 컵,종이 재질의 컵 홀더가 붙은 투명 컵,1,1
종이 재질의 컵홀더,종이 재질의 컵홀더,3,1
종이 재질의 휴지 상자,종이 재질의 휴지 상자,1,1
종이 전단지,종이 전단지,1,1
종이 조각,종이 조각,2,1
종이 쪽지,종이 쪽지,1,1
종이 커피 필터,종이 커피 필터,1,1
종이 컵,종이 컵,1,1
종이 컵 홀더,종이 컵 홀더,1,1
종이 타월,종이 타월,1,1
종이 포장재,종이 포장재,3,1
종이 포장지,종이 포장지,8,1
종이(골판지 상자),종이(골판지 상자),1,1
종이(골판지 포함),종이(골판지 포함),4,1
종이(골판지),종이(골판지),19,1
종이(골판지) 상자,종이(골판지) 상자,1,1
종이(박스),종이(박스),6,1
종이(종이팩),종이(종이팩),1,1
종이/골판지,종이/골판지,4,1
종이로 된 가격표,종이로 된 가격표,1,1
종이로 된 김 상자,종이로 된 김 상자,1,1
종이로 된 음식 용기,종이로 된 음식 용기,1,1
종이로 된 책과 노트,종이로 된 책과 노트,1,1
종이로 된 휴지심,종이로 된 휴지심,1,1
종이로 만든 스타벅스 컵 홀더,종이로 만든 스타벅스 컵 홀더,1,1
종이로 만든 포장지,종이로 만든 포장지,1,1
종이로 뭉친 휴지,종이로 뭉친 휴지,1,1
종이류,종이류,57,1
종이류 박스,종이류 박스,3,1
종이류 상자,종이류 상자,1,1
종이류 신문지,종이류 신문지,1,1
종이류 재활용,종이류 재활용,1,1
종이류(박스 및 종이),종이류(박스 및 종이),1,1
종이류와 종이상자,종이류와 종이상자,1,1
종이류와 플라스틱류,종이류와 플라스틱류,1,1
종이박스와 종이봉투,종이박스와 종이봉투,1,1
종이봉투,종이봉투,12,1
종이봉투와 종이상자,종이봉투와 종이상자,1,1
종이상자 2개,종이상자 2개,1,1
종이상자와 종이뭉치,종이상자와 종이뭉치,1,1
종이상자와 종이박스,종이상자와 종이박스,1,1
종이와 골판지,종이와 골판지,2,1
종이와 종이상자,종이와 종이상자,2,1
종이와 캔,종이와 캔,1,1
종이와 플라스틱 뚜껑,종이와 플라스틱 뚜껑,1,1
종이와 플라스틱 복합재질,종이와 플라스틱 복합재질,2,1
종이책,종이책,1,1
종이책과 종이상자,종이책과 종이상자,1,1
종이컵,종이컵,33,1
종이컵 뚜껑,종이컵 뚜껑,1,1
종이컵 오른쪽에 있음,종이컵 오른쪽에 있음,1,1
종이컵 홀더,종이컵 홀더,4,1
종이컵과 유리병,종이컵과 유리병,1,1
종이컵과 종이 받침대,종이컵과 종이 받침대,1,1
종이컵과 종이봉투,종이컵과 종이봉투,1,1
종이컵과 종이상자,종이컵과 종이상자,1,1
종이컵과 캔,종이컵과 캔,2,1
종이컵과 컵홀더,종이컵과 컵홀더,1,1
종이컵과 플라스틱 뚜껑,종이컵과 플라스틱 뚜껑,3,1
종이컵과 플라스틱 병,종이컵과 플라스틱 병,1,1
종이컵과 플라스틱 빨대,종이컵과 플라스틱 빨대,1,1
종이컵과 플라스틱 컵,종이컵과 플라스틱 컵,3,1
종이컵과 플라스틱 컵이 주로 들어있다.,종이컵과 플라스틱 컵이 주로 들어있다.,1,1
"종이컵은 종이류, 뚜껑은 플라스틱류","종이컵은 종이류, 뚜껑은 플라스틱류",1,1
종이팩,종이팩,41,1
종이팩 2개,종이팩 2개,1,1
종이팩 3개,종이팩 3개,1,1
종이팩 두유와 알루미늄 캔 음료,종이팩 두유와 알루미늄 캔 음료,1,1
종이팩 바나나우유,종이팩 바나나우유,1,1
종이팩 우유 용기,종이팩 우유 용기,1,1
종이팩 음료 2개,종이팩 음료 2개,1,1
종이팩 음료 용기,종이팩 음료 용기,3,1
종이팩 주스 상자,종이팩 주스 상자,1,1
종이팩과 종이상자,종이팩과 종이상자,1,1
종이팩으로 분리배출한다,종이팩으로 분리배출한다,1,1
주방용 키친타올 상자,주방용 키친타올 상자,1,1
주스팩,주스팩,1,1
주황색,주황색,5,1
주황색 뚜껑과 투명한 병,주황색 뚜껑과 투명한 병,1,1
주황색 바구니,주황색 바구니,1,1
주황색 스티커,주황색 스티커,1,1
주황색 콘 옆 바닥에 있다.,주황색 콘 옆 바닥에 있다.,1,1
주황색과 파란색,주황색과 파란색,1,1
즉석밥 컵 용기,즉석밥 컵 용기,1,1
즙시즐 플럼 주스 팩,즙시즐 플럼 주스 팩,1,1
"지우개는 일반쓰레기, 비닐포장은 플라스틱류","지우개는 일반쓰레기, 비닐포장은 플라스틱류",1,1
짱구,짱구,1,1
차 바퀴 옆 도로 가장자리,차 바퀴 옆 도로 가장자리,1,1
참장 양념 통조림 용기,참장 양념 통조림 용기,1,1
참치 캔,참치 캔,2,1
창가 바닥에 놓여 있다.,창가 바닥에 놓여 있다.,1,1
창문 옆 선반 위,창문 옆 선반 위,1,1
창문턱 위,창문턱 위,1,1
책상 아래 바닥에 놓여 있다.,책상 아래 바닥에 놓여 있다.,1,1
책상 오른쪽 모니터 앞,책상 오른쪽 모니터 앞,1,1
책상 오른쪽 위,책상 오른쪽 위,1,1
책상 오른쪽 위 초록색 용기,책상 오른쪽 위 초록색 용기,1,1
책상 오른쪽 위 컴퓨터 모니터 옆,책상 오른쪽 위 컴퓨터 모니터 옆,1,1
책상 왼쪽 뒤쪽,책상 왼쪽 뒤쪽,1,1
책상 왼쪽 창가에 있다,책상 왼쪽 창가에 있다,1,1
책상 위,책상 위,1,1
책상 위 앞쪽,책상 위 앞쪽,1,1
책상 위 오렌지 껍질 옆,책상 위 오렌지 껍질 옆,1,1
책상 위 중앙,책상 위 중앙,2,1
책상 중앙,책상 중앙,1,1
책상 중앙 키보드 옆,책상 중앙 키보드 옆,1,1
책자와 종이,책자와 종이,1,1
책장 상단 선반,책장 상단 선반,1,1
천으로 된 파우치 옆에 놓여 있다.,천으로 된 파우치 옆에 놓여 있다.,1,1
철제 기둥 옆 바닥,철제 기둥 옆 바닥,1,1
철제 난간 위 오른쪽 끝,철제 난간 위 오른쪽 끝,1,1
초록 매실 스파클링 음료수 병과 흰색 종이컵 뚜껑 둘 다,초록 매실 스파클링 음료수 병과 흰색 종이컵 뚜껑 둘 다,1,1
초록매실 음료병,초록매실 음료병,1,1
초록색,초록색,22,1
초록색 MONSTER 음료 컵 홀더,초록색 MONSTER 음료 컵 홀더,1,1
초록색 과자 상자,초록색 과자 상자,2,1
초록색 뚜껑이 있는 빈 페트병,초록색 뚜껑이 있는 빈 페트병,1,1
초록색 물병,초록색 물병,1,1
초록색 병,초록색 병,1,1
초록색 울타리 옆 바닥에,초록색 울타리 옆 바닥에,1,1
초록색 음료수 병,초록색 음료수 병,1,1
초록색 철망 울타리 앞 바닥에 놓여 있다.,초록색 철망 울타리 앞 바닥에 놓여 있다.,1,1
"초록색 포장지는 플라스틱, 갈색 종이는 종이류","초록색 포장지는 플라스틱, 갈색 종이는 종이류",1,1
초록색과 검은색,초록색과 검은색,1,1
초록색과 노란색,초록색과 노란색,1,1
초록색과 투명색,초록색과 투명색,1,1
초록색과 흰색,초록색과 흰색,2,1
초코 과자 상자,초코 과자 상자,1,1
초코쉐이크 컵과 빨대,초코쉐이크 컵과 빨대,1,1
초코우유,초코우유,1,1
초코칩 쿠키 상자,초코칩 쿠키 상자,1,1
초코파이 비닐 포장지,초코파이 비닐 포장지,1,1
초코파이 상자,초코파이 상자,2,1
초코파이 상자와 타르틀렛 상자,초코파이 상자와 타르틀렛 상자,1,1
초코하임 과자 봉지,초코하임 과자 봉지,1,1
초코하임 과자 상자,초코하임 과자 상자,1,1
초콜릿 봉지,초콜릿 봉지,1,1
초콜릿 상자,초콜릿 상자,2,1
초콜릿 우유 종이팩,초콜릿 우유 종이팩,1,1
초콜릿과 과자 포장지,초콜릿과 과자 포장지,1,1
초파춥스 캔,초파춥스 캔,1,1
치약 상자,치약 상자,1,1
치약 튜브와 칫솔,치약 튜브와 칫솔,1,1
치즈 케이크 상자,치즈 케이크 상자,1,1
친환경 종이 용기,친환경 종이 용기,1,1
칠성 사이다,칠성 사이다,1,1
칠성사이다,칠성사이다,1,1
침대 옆 바닥 위,침대 옆 바닥 위,1,1
칫솔 케이스,칫솔 케이스,1,1
칭따오,칭따오,1,1
캐비닛 안쪽 오른쪽에 있는 펌프 용기,캐비닛 안쪽 오른쪽에 있는 펌프 용기,1,1
캔,캔,15,1
"캔 1개, 병 2개","캔 1개, 병 2개",3,1
"캔 1개, 종이팩 1개","캔 1개, 종이팩 1개",1,1
"캔 1개, 페트병 1개","캔 1개, 페트병 1개",1,1
"캔 2개, 금속 재질","캔 2개, 금속 재질",2,1
캔 분리수거함,캔 분리수거함,1,1
캔 음료,캔 음료,1,1
캔류,캔류,2,1
"캔은 금속, 상자는 종이","캔은 금속, 상자는 종이",1,1
캔이 구겨져 있다,캔이 구겨져 있다,1,1
캔이 찌그러져 있다,캔이 찌그러져 있다,2,1
커다란 종이 상자,커다란 종이 상자,1,1
커피 상자,커피 상자,1,1
커피 스틱 포장재,커피 스틱 포장재,1,1
커피 종이컵,커피 종이컵,1,1
커피 컵,커피 컵,1,1
커피 컵 뚜껑,커피 컵 뚜껑,3,1
커피 컵 홀더,커피 컵 홀더,9,1
커피 컵과 뚜껑,커피 컵과 뚜껑,2,1
커피 컵과 빨대,커피 컵과 빨대,2,1
커피 컵과 컵 홀더,커피 컵과 컵 홀더,1,1
커피 페트병,커피 페트병,1,1
커피가 담긴 투명 플라스틱 컵,커피가 담긴 투명 플라스틱 컵,1,1
커피음료,커피음료,1,1
컴퓨터 모니터 앞,컴퓨터 모니터 앞,1,1
컵 뚜껑,컵 뚜껑,2,1
컵 뚜껑과 빨대,컵 뚜껑과 빨대,2,1
컵 안에 음료 위에 덮여 있다.,컵 안에 음료 위에 덮여 있다.,1,1
컵과 뚜껑,컵과 뚜껑,4,1
컵과 빨대,컵과 빨대,2,1
컵라면 용기 겉면 종이 포장,컵라면 용기 겉면 종이 포장,1,1
컵받침 종이,컵받침 종이,1,1
"컵은 투명한 분홍색, 빨대는 분홍색","컵은 투명한 분홍색, 빨대는 분홍색",1,1
케이크 받침 종이,케이크 받침 종이,1,1
코카콜라,코카콜라,4,1
코카콜라 빈 페트병,코카콜라 빈 페트병,1,1
코카콜라 빈 플라스틱 병,코카콜라 빈 플라스틱 병,1,1
코카콜라 제로 PET 병,코카콜라 제로 PET 병,1,1
코카콜라 제로 카페인,코카콜라 제로 카페인,1,1
코카콜라 캔,코카콜라 캔,3,1
코카콜라 페트병,코카콜라 페트병,2,1
콘크리트 경계석 옆,콘크리트 경계석 옆,1,1
콜라 캔,콜라 캔,2,1
콜라 페트병과 플라스틱 컵,콜라 페트병과 플라스틱 컵,1,1
콜라겐 샴푸 병,콜라겐 샴푸 병,1,1
콤부차 병,콤부차 병,1,1
쿠팡 박스,쿠팡 박스,1,1
크래커 상자,크래커 상자,1,1
큰 박스,큰 박스,1,1
타이레놀,타이레놀,1,1
타이레놀 약 상자,타이레놀 약 상자,1,1
타이어 위에 놓여 있다.,타이어 위에 놓여 있다.,1,1
타이어와 종이 상자,타이어와 종이 상자,1,1
탁자 앞쪽 중앙,탁자 앞쪽 중앙,1,1
탁자 위,탁자 위,1,1
탄산음료 캔,탄산음료 캔,3,1
탄산음료 캔과 에너지 음료 캔,탄산음료 캔과 에너지 음료 캔,1,1
텀블러,텀블러,2,1
테이블 위,테이블 위,1,1
토레타 제로,토레타 제로,1,1
투명,투명,14,1
투명 뚜껑과 초록색 빨대,투명 뚜껑과 초록색 빨대,1,1
투명 비닐봉지,투명 비닐봉지,3,1
투명 비닐봉투,투명 비닐봉투,1,1
투명 용기,투명 용기,1,1
투명 용기와 페트병,투명 용기와 페트병,1,1
투명 직사각형 용기 뚜껑,투명 직사각형 용기 뚜껑,1,1
투명 컵,투명 컵,1,1
투명 컵과 노란 빨대,투명 컵과 노란 빨대,1,1
투명 컵과 노란색 빨대,투명 컵과 노란색 빨대,2,1
투명 컵과 빨대,투명 컵과 빨대,3,1
투명 페트병,투명 페트병,11,1
투명 페트병과 투명 플라스틱 용기,투명 페트병과 투명 플라스틱 용기,1,1
투명 페트병과 투명 플라스틱 컵,투명 페트병과 투명 플라스틱 컵,1,1
투명 플라스틱 도시락 용기,투명 플라스틱 도시락 용기,1,1
투명 플라스틱 뚜껑,투명 플라스틱 뚜껑,1,1
투명 플라스틱 병,투명 플라스틱 병,5,1
투명 플라스틱 용기,투명 플라스틱 용기,10,1
투명 플라스틱 용기와 페트병,투명 플라스틱 용기와 페트병,2,1
투명 플라스틱 우산,투명 플라스틱 우산,1,1
투명 플라스틱 컵,투명 플라스틱 컵,15,1
투명 플라스틱 컵 2개,투명 플라스틱 컵 2개,1,1
투명 플라스틱 컵 뚜껑,투명 플라스틱 컵 뚜껑,1,1
투명 플라스틱 컵과 노란 빨대,투명 플라스틱 컵과 노란 빨대,1,1
투명 플라스틱 컵과 뚜껑,투명 플라스틱 컵과 뚜껑,4,1
투명 플라스틱 컵과 빨대,투명 플라스틱 컵과 빨대,7,1
투명 플라스틱 포장 용기,투명 플라스틱 포장 용기,1,1
"투명, 갈색, 녹색","투명, 갈색, 녹색",1,1
투명한 계란판,투명한 계란판,1,1
투명한 뚜껑과 노란색 빨대,투명한 뚜껑과 노란색 빨대,2,1
투명한 뚜껑과 빨대가 있는 음료 컵,투명한 뚜껑과 빨대가 있는 음료 컵,1,1
투명한 뚜껑과 빨대가 있는 컵,투명한 뚜껑과 빨대가 있는 컵,2,1
투명한 뚜껑과 흰색 빨대,투명한 뚜껑과 흰색 빨대,1,1
투명한 뚜껑이 있는 플라스틱 용기,투명한 뚜껑이 있는 플라스틱 용기,1,1
투명한 물병,투명한 물병,2,1
투명한 물병과 음료 컵,투명한 물병과 음료 컵,1,1
투명한 병에 주황색 뚜껑,투명한 병에 주황색 뚜껑,1,1
투명한 봉투,투명한 봉투,2,1
투명한 분홍색,투명한 분홍색,2,1
투명한 비닐 포장재,투명한 비닐 포장재,1,1
투명한 비닐 포장지,투명한 비닐 포장지,1,1
투명한 비닐봉지,투명한 비닐봉지,1,1
투명한 비닐봉투,투명한 비닐봉투,3,1
투명한 생수병,투명한 생수병,1,1
투명한 소스 용기,투명한 소스 용기,1,1
투명한 쉐이커 병,투명한 쉐이커 병,1,1
투명한 아보카도 포장 용기,투명한 아보카도 포장 용기,1,1
투명한 안경 케이스,투명한 안경 케이스,1,1
투명한 용기,투명한 용기,1,1
투명한 원형 뚜껑과 용기,투명한 원형 뚜껑과 용기,1,1
투명한 음료 컵과 빨대,투명한 음료 컵과 빨대,1,1
투명한 컵,투명한 컵,5,1
투명한 컵 뚜껑,투명한 컵 뚜껑,1,1
투명한 컵과 빨대,투명한 컵과 빨대,1,1
투명한 페트병,투명한 페트병,4,1
투명한 플라스틱 뚜껑,투명한 플라스틱 뚜껑,2,1
투명한 플라스틱 뚜껑이 있는 음료 컵,투명한 플라스틱 뚜껑이 있는 음료 컵,1,1
투명한 플라스틱 물병,투명한 플라스틱 물병,1,1
투명한 플라스틱 반찬 용기,투명한 플라스틱 반찬 용기,1,1
투명한 플라스틱 병,투명한 플라스틱 병,5,1
투명한 플라스틱 봉투,투명한 플라스틱 봉투,1,1
투명한 플라스틱 용기,투명한 플라스틱 용기,13,1
투명한 플라스틱 용기 2개,투명한 플라스틱 용기 2개,1,1
투명한 플라스틱 용기와 뚜껑,투명한 플라스틱 용기와 뚜껑,1,1
투명한 플라스틱 용기와 흰색 플라스틱 컵,투명한 플라스틱 용기와 흰색 플라스틱 컵,1,1
투명한 플라스틱 재질에 돔형 뚜껑,투명한 플라스틱 재질에 돔형 뚜껑,1,1
투명한 플라스틱 칫솔 포장재,투명한 플라스틱 칫솔 포장재,1,1
투명한 플라스틱 컵,투명한 플라스틱 컵,5,1
투명한 플라스틱 컵 두 개,투명한 플라스틱 컵 두 개,2,1
투명한 플라스틱 컵 뚜껑,투명한 플라스틱 컵 뚜껑,1,1
투명한 플라스틱 컵과 노란 빨대,투명한 플라스틱 컵과 노란 빨대,3,1
투명한 플라스틱 컵과 뚜껑,투명한 플라스틱 컵과 뚜껑,6,1
"투명한 플라스틱 컵과 뚜껑, 빨대","투명한 플라스틱 컵과 뚜껑, 빨대",1,1
투명한 플라스틱 컵과 빨대,투명한 플라스틱 컵과 빨대,6,1
투명한 플라스틱 케이스,투명한 플라스틱 케이스,1,1
투명한 플라스틱 파우치,투명한 플라스틱 파우치,1,1
투명한 플라스틱 펜,투명한 플라스틱 펜,1,1
투명한 플라스틱 포장지,투명한 플라스틱 포장지,1,1
투명한 흰색,투명한 흰색,2,1
티슈 상자와 흰색 종이 뭉치,티슈 상자와 흰색 종이 뭉치,1,1
티즐 제로 피치우롱티 플라스틱 병,티즐 제로 피치우롱티 플라스틱 병,1,1
파란 뚜껑이 있는 투명 페트병,파란 뚜껑이 있는 투명 페트병,1,1
파란 비닐봉지 밖에 바닥에 놓여 있음,파란 비닐봉지 밖에 바닥에 놓여 있음,1,1
파란색,파란색,61,1
파란색 곡물 시리얼 상자,파란색 곡물 시리얼 상자,1,1
파란색 과자 상자,파란색 과자 상자,1,1
파란색 뚜껑이 있는 작은 용기,파란색 뚜껑이 있는 작은 용기,1,1
파란색 립밤 케이스,파란색 립밤 케이스,2,1
파란색 물통,파란색 물통,1,1
파란색 바구니,파란색 바구니,1,1
파란색 봉투,파란색 봉투,1,1
파란색 빨대,파란색 빨대,1,1
파란색 상자,파란색 상자,2,1
파란색 스프레이 병,파란색 스프레이 병,1,1
파란색 알루미늄 껌 케이스,파란색 알루미늄 껌 케이스,1,1
파란색 음료 캔,파란색 음료 캔,2,1
파란색 캔,파란색 캔,1,1
파란색 포장지,파란색 포장지,1,1
파란색 플라스틱 껌 케이스,파란색 플라스틱 껌 케이스,1,1
"파란색, 흰색, 노란색","파란색, 흰색, 노란색",1,1
파란색과 노란색이 있는 기둥 주위,파란색과 노란색이 있는 기둥 주위,1,1
파란색과 분홍색,파란색과 분홍색,1,1
파란색과 빨간색,파란색과 빨간색,1,1
파란색과 연파란색,파란색과 연파란색,1,1
파란색과 초록색,파란색과 초록색,1,1
파란색과 흰색 뚜껑 혼합,파란색과 흰색 뚜껑 혼합,1,1
팝콘 통,팝콘 통,1,1
페트병,페트병,17,1
페트병 생수병,페트병 생수병,1,1
페트병과 플라스틱 컵,페트병과 플라스틱 컵,6,1
페퍼민트 캔디 틴 케이스,페퍼민트 캔디 틴 케이스,1,1
페프시 음료 캔과 동원참치 캔,페프시 음료 캔과 동원참치 캔,1,1
펩시,펩시,4,1
펩시 제로 슈거,펩시 제로 슈거,1,1
펩시 제로 슈거 라임 플래버 캔,펩시 제로 슈거 라임 플래버 캔,1,1
펩시 캔,펩시 캔,1,1
펩시 페트병,펩시 페트병,1,1
편지봉투,편지봉투,1,1
평창수,평창수,1,1
포도 주스,포도 주스,1,1
포스트잇 메모지,포스트잇 메모지,1,1
포장재,포장재,1,1
포카리 스웨트,포카리 스웨트,2,1
포카리 스웨트 병,포카리 스웨트 병,1,1
포카리 스웨트 페트병,포카리 스웨트 페트병,2,1
포카리스웨트,포카리스웨트,2,1
포테토칩 봉지는 플라스틱 재질로 재활용 가능하다.,포테토칩 봉지는 플라스틱 재질로 재활용 가능하다.,1,1
폴리에틸렌(PE),폴리에틸렌(PE),1,1
프링글스 감자칩 캔,프링글스 감자칩 캔,1,1
플라스틱,플라스틱,433,1
플라스틱 계란판,플라스틱 계란판,2,1
플라스틱 과자 봉지,플라스틱 과자 봉지,1,1
"플라스틱 뚜껑 1개, 빨대 1개","플라스틱 뚜껑 1개, 빨대 1개",1,1
플라스틱 뚜껑 2개,플라스틱 뚜껑 2개,1,1
플라스틱 뚜껑과 빨대가 있는 컵 1개,플라스틱 뚜껑과 빨대가 있는 컵 1개,1,1
플라스틱 뚜껑과 종이팩,플라스틱 뚜껑과 종이팩,1,1
플라스틱 뚜껑과 플라스틱 빨대,플라스틱 뚜껑과 플라스틱 빨대,3,1
플라스틱 뚜껑이 있는 텀블러,플라스틱 뚜껑이 있는 텀블러,1,1
플라스틱 물병,플라스틱 물병,4,1
플라스틱 바구니,플라스틱 바구니,1,1
플라스틱 병 1개,플라스틱 병 1개,2,1
"플라스틱 병 1개, 금속 캔 1개","플라스틱 병 1개, 금속 캔 1개",5,1
"플라스틱 병 1개, 알루미늄 캔 1개","플라스틱 병 1개, 알루미늄 캔 1개",2,1
"플라스틱 병 1개, 유리병 1개","플라스틱 병 1개, 유리병 1개",1,1
"플라스틱 병 1개, 종이 상자 1개","플라스틱 병 1개, 종이 상자 1개",2,1
"플라스틱 병 1개, 플라스틱 컵 1개","플라스틱 병 1개, 플라스틱 컵 1개",1,1
플라스틱 병 1개와 유리 병 1개,플라스틱 병 1개와 유리 병 1개,1,1
플라스틱 병 1개와 캔 1개,플라스틱 병 1개와 캔 1개,1,1
플라스틱 병 1개와 투명한 플라스틱 용기 2개,플라스틱 병 1개와 투명한 플라스틱 용기 2개,1,1
플라스틱 병 2개,플라스틱 병 2개,1,1
"플라스틱 병 2개, 컵 1개","플라스틱 병 2개, 컵 1개",1,1
플라스틱 병 두 개,플라스틱 병 두 개,1,1
플라스틱 병 마개,플라스틱 병 마개,1,1
플라스틱 병 표면에 물방울이 맺혀 있다.,플라스틱 병 표면에 물방울이 맺혀 있다.,1,1
플라스틱 병 하나,플라스틱 병 하나,1,1
플라스틱 병과 금속 캔,플라스틱 병과 금속 캔,1,1
플라스틱 병과 뽁뽁이,플라스틱 병과 뽁뽁이,1,1
플라스틱 병과 용기,플라스틱 병과 용기,5,1
플라스틱 병과 종이팩,플라스틱 병과 종이팩,1,1
플라스틱 병과 캔,플라스틱 병과 캔,1,1
플라스틱 병과 플라스틱 뚜껑,플라스틱 병과 플라스틱 뚜껑,1,1
플라스틱 병과 플라스틱 용기,플라스틱 병과 플라스틱 용기,2,1
플라스틱 병과 플라스틱 컵,플라스틱 병과 플라스틱 컵,5,1
플라스틱 병뚜껑,플라스틱 병뚜껑,1,1
"플라스틱 병은 플라스틱, 종이팩은 종이","플라스틱 병은 플라스틱, 종이팩은 종이",1,1
플라스틱 병이 든 비닐봉지,플라스틱 병이 든 비닐봉지,1,1
플라스틱 보드 마커,플라스틱 보드 마커,1,1
플라스틱 봉지,플라스틱 봉지,5,1
플라스틱 봉지에 싸인 사탕,플라스틱 봉지에 싸인 사탕,1,1
플라스틱 봉지와 금속 포장지,플라스틱 봉지와 금속 포장지,1,1
플라스틱 봉투,플라스틱 봉투,9,1
플라스틱 비닐 포장재,플라스틱 비닐 포장재,2,1
플라스틱 비닐과 종이,플라스틱 비닐과 종이,1,1
플라스틱 빨대 2개,플라스틱 빨대 2개,1,1
플라스틱 빨대와 투명 컵,플라스틱 빨대와 투명 컵,1,1
플라스틱 빨대와 포장지,플라스틱 빨대와 포장지,1,1
플라스틱 상자,플라스틱 상자,1,1
플라스틱 생수병,플라스틱 생수병,1,1
플라스틱 생수병 2개,플라스틱 생수병 2개,1,1
플라스틱 세제 용기,플라스틱 세제 용기,1,1
플라스틱 숟가락과 요구르트 용기,플라스틱 숟가락과 요구르트 용기,1,1
플라스틱 숟가락과 페트병,플라스틱 숟가락과 페트병,1,1
플라스틱 스틱 포장재,플라스틱 스틱 포장재,1,1
플라스틱 스프레이 병 2개,플라스틱 스프레이 병 2개,1,1
플라스틱 약병,플라스틱 약병,1,1
플라스틱 약통,플라스틱 약통,1,1
플라스틱 에어캡(뽁뽁이),플라스틱 에어캡(뽁뽁이),1,1
플라스틱 요구르트 병,플라스틱 요구르트 병,1,1
"플라스틱 용기 1개, 숟가락 1개","플라스틱 용기 1개, 숟가락 1개",1,1
플라스틱 용기 2개,플라스틱 용기 2개,1,1
플라스틱 용기 3개,플라스틱 용기 3개,1,1
플라스틱 용기 두 개 모두,플라스틱 용기 두 개 모두,1,1
플라스틱 용기 뚜껑,플라스틱 용기 뚜껑,1,1
플라스틱 용기 옆,플라스틱 용기 옆,1,1
플라스틱 용기류,플라스틱 용기류,1,1
플라스틱 용기와 뚜껑,플라스틱 용기와 뚜껑,1,1
플라스틱 용기와 뚜껑 모두,플라스틱 용기와 뚜껑 모두,1,1
플라스틱 용기와 병,플라스틱 용기와 병,1,1
플라스틱 용기와 비닐 포장재,플라스틱 용기와 비닐 포장재,1,1
플라스틱 용기와 종이 상자,플라스틱 용기와 종이 상자,1,1
플라스틱 용기와 포장 비닐,플라스틱 용기와 포장 비닐,1,1
플라스틱 용기와 플라스틱 병,플라스틱 용기와 플라스틱 병,1,1
플라스틱 의자,플라스틱 의자,1,1
플라스틱 재질,플라스틱 재질,10,1
플라스틱 재질 용기,플라스틱 재질 용기,1,1
플라스틱 재질의 대야,플라스틱 재질의 대야,1,1
플라스틱 재질의 상자,플라스틱 재질의 상자,1,1
플라스틱 재질의 용기,플라스틱 재질의 용기,1,1
플라스틱 재질의 지퍼백,플라스틱 재질의 지퍼백,1,1
플라스틱 재질의 포장재,플라스틱 재질의 포장재,2,1
플라스틱 재활용,플라스틱 재활용,12,1
플라스틱 재활용품,플라스틱 재활용품,1,1
플라스틱 접시,플라스틱 접시,2,1
플라스틱 젓가락,플라스틱 젓가락,1,1
플라스틱 젓가락 포장재,플라스틱 젓가락 포장재,1,1
플라스틱 조각,플라스틱 조각,1,1
플라스틱 지퍼백 형태의 포장재,플라스틱 지퍼백 형태의 포장재,1,1
플라스틱 집게,플라스틱 집게,1,1
플라스틱 캔디 포장지,플라스틱 캔디 포장지,1,1
"플라스틱 컵 1개, 빨대 1개","플라스틱 컵 1개, 빨대 1개",2,1
플라스틱 컵 1개와 빨대 1개,플라스틱 컵 1개와 빨대 1개,1,1
플라스틱 컵 2개,플라스틱 컵 2개,1,1
"플라스틱 컵 3개, 빨대 4개","플라스틱 컵 3개, 빨대 4개",1,1
플라스틱 컵 뚜껑,플라스틱 컵 뚜껑,4,1
플라스틱 컵 뚜껑과 빨대가 모두 플라스틱 재질이다.,플라스틱 컵 뚜껑과 빨대가 모두 플라스틱 재질이다.,1,1
플라스틱 컵 한 개,플라스틱 컵 한 개,1,1
플라스틱 컵과 금속 캔,플라스틱 컵과 금속 캔,1,1
플라스틱 컵과 뚜껑,플라스틱 컵과 뚜껑,18,1
플라스틱 컵과 빨대,플라스틱 컵과 빨대,53,1
플라스틱 컵과 빨대 모두 재활용이 가능하다.,플라스틱 컵과 빨대 모두 재활용이 가능하다.,1,1
플라스틱 컵과 빨대가 각각 한 개씩 있다.,플라스틱 컵과 빨대가 각각 한 개씩 있다.,1,1
플라스틱 컵과 종이 컵홀더,플라스틱 컵과 종이 컵홀더,3,1
플라스틱 컵과 종이컵,플라스틱 컵과 종이컵,1,1
플라스틱 컵과 종이팩,플라스틱 컵과 종이팩,2,1
플라스틱 컵과 캔,플라스틱 컵과 캔,3,1
플라스틱 컵과 페트병,플라스틱 컵과 페트병,3,1
플라스틱 컵과 플라스틱 뚜껑,플라스틱 컵과 플라스틱 뚜껑,4,1
플라스틱 컵과 플라스틱 뚜껑은 플라스틱 재활용품으로 분류한다.,플라스틱 컵과 플라스틱 뚜껑은 플라스틱 재활용품으로 분류한다.,1,1
플라스틱 컵과 플라스틱 병,플라스틱 컵과 플라스틱 병,1,1
플라스틱 컵과 플라스틱 빨대,플라스틱 컵과 플라스틱 빨대,6,1
플라스틱 컵과 플라스틱 용기,플라스틱 컵과 플라스틱 용기,1,1
플라스틱 컵에 핑크색 라벨이 붙어 있다.,플라스틱 컵에 핑크색 라벨이 붙어 있다.,1,1
"플라스틱 컵에는 빨대가 꽂혀 있고, 컵 겉면에 종이 재질의 띠가 감겨 있다.","플라스틱 컵에는 빨대가 꽂혀 있고, 컵 겉면에 종이 재질의 띠가 감겨 있다.",1,1
"플라스틱 컵은 노란색 빨대와 함께 있으며, 컵 뚜껑도 플라스틱 재질이다.","플라스틱 컵은 노란색 빨대와 함께 있으며, 컵 뚜껑도 플라스틱 재질이다.",1,1
플라스틱 컵은 빨대와 뚜껑이 모두 있다.,플라스틱 컵은 빨대와 뚜껑이 모두 있다.,1,1
플라스틱 통,플라스틱 통,1,1
플라스틱 통과 뚜껑,플라스틱 통과 뚜껑,1,1
플라스틱 투명 용기,플라스틱 투명 용기,1,1
플라스틱 튜브 2개,플라스틱 튜브 2개,1,1
플라스틱 튜브 형태의 치약 용기,플라스틱 튜브 형태의 치약 용기,1,1
플라스틱 튜브와 유리병,플라스틱 튜브와 유리병,1,1
플라스틱 트레이,플라스틱 트레이,1,1
플라스틱 파우치,플라스틱 파우치,2,1
플라스틱 파일 홀더,플라스틱 파일 홀더,1,1
플라스틱 펌프 용기,플라스틱 펌프 용기,2,1
플라스틱 페트병,플라스틱 페트병,2,1
플라스틱 펜,플라스틱 펜,1,1
플라스틱 포장된 물티슈,플라스틱 포장된 물티슈,1,1
플라스틱 포장된 포크,플라스틱 포장된 포크,1,1
플라스틱 포장재 2개,플라스틱 포장재 2개,2,1
플라스틱 포크,플라스틱 포크,2,1
플라스틱 필름,플라스틱 필름,8,1
플라스틱 핸드크림 튜브,플라스틱 핸드크림 튜브,1,1
플라스틱 휴지통,플라스틱 휴지통,1,1
"플라스틱, 재활용 플라스틱","플라스틱, 재활용 플라스틱",1,1
플라스틱과 금속,플라스틱과 금속,7,1
플라스틱과 금속이 혼합된 재질,플라스틱과 금속이 혼합된 재질,1,1
플라스틱과 비닐류,플라스틱과 비닐류,1,1
플라스틱과 알루미늄,플라스틱과 알루미늄,1,1
플라스틱과 유리,플라스틱과 유리,1,1
플라스틱과 종이,플라스틱과 종이,2,1
플라스틱 뚜껑,플라스틱뚜껑,8,1
플라스틱류,플라스틱류,1,1
플라스틱 빨대,플라스틱빨대,15,1
플라스틱 용기,플라스틱용기,26,1
플라스틱 컵,플라스틱컵,73,1
플라스틱 포장재,플라스틱포장재,13,1
플라스틱 포장지,플라스틱포장지,13,1
피스타치오,피스타치오,1,1
피자 상자,피자 상자,3,1
핑크색 뚜껑이 있는 컵,핑크색 뚜껑이 있는 컵,1,1
핑크색 빨대컵,핑크색 빨대컵,1,1
하나는 찌그러지고 하나는 멀쩡하다.,하나는 찌그러지고 하나는 멀쩡하다.,1,1
하비스트 쿠키 상자,하비스트 쿠키 상자,1,1
하얀 비닐봉지,하얀 비닐봉지,1,1
하얀 종이 상자,하얀 종이 상자,1,1
하얀 컵 옆 탁자 위,하얀 컵 옆 탁자 위,1,1
하얀 플라스틱 병과 투명 플라스틱 포장재,하얀 플라스틱 병과 투명 플라스틱 포장재,1,1
하얀 플라스틱 용기,하얀 플라스틱 용기,1,1
하얀색 뚜껑이 있는 약병 용기,하얀색 뚜껑이 있는 약병 용기,1,1
하얀색 사각 용기,하얀색 사각 용기,1,1
하얀색 상자,하얀색 상자,1,1
하얀색 용기와 박스 형태의 용기들,하얀색 용기와 박스 형태의 용기들,1,1
하얀색 종이봉투,하얀색 종이봉투,1,1
하얀색 종이컵,하얀색 종이컵,1,1
하얀색 코코호도 상자,하얀색 코코호도 상자,1,1
하얀색 플라스틱 포장지,하얀색 플라스틱 포장지,1,1
형광등,형광등,1,1
호퍼스 영화 포스터가 붙은 원통형 용기,호퍼스 영화 포스터가 붙은 원통형 용기,1,1
화분 옆 작은 투명 플라스틱 병,화분 옆 작은 투명 플라스틱 병,1,1
화분 오른쪽 바닥에 있다,화분 오른쪽 바닥에 있다,1,1
화장품 토너 병,화장품 토너 병,1,1
환타,환타,1,1
회색,회색,1,1
휴지심,휴지심,1,1
흰색,흰색,14,1
"흰색 3개, 녹색 5개","흰색 3개, 녹색 5개",1,1
흰색 뚜껑이 있는 둥근 용기,흰색 뚜껑이 있는 둥근 용기,1,1
흰색 바구니,흰색 바구니,1,1
흰색 박스,흰색 박스,1,1
흰색 발포 폴리스티렌 용기,흰색 발포 폴리스티렌 용기,1,1
흰색 벽 앞,흰색 벽 앞,1,1
흰색 분리수거함,흰색 분리수거함,1,1
흰색 상자,흰색 상자,2,1
흰색 서랍장 위의 파란색 서류꽂이,흰색 서랍장 위의 파란색 서류꽂이,1,1
흰색 손잡이가 달린 용기,흰색 손잡이가 달린 용기,2,1
흰색 슬리퍼,흰색 슬리퍼,1,1
흰색 약병 용기,흰색 약병 용기,1,1
흰색 음료 컵 뚜껑,흰색 음료 컵 뚜껑,1,1
흰색 접이식 휴대폰 거치대,흰색 접이식 휴대폰 거치대,1,1
흰색 종이 상자,흰색 종이 상자,2,1
흰색 종이봉투,흰색 종이봉투,1,1
흰색 컵은 종이 재질이다.,흰색 컵은 종이 재질이다.,1,1
흰색 튜브형 용기,흰색 튜브형 용기,1,1
흰색 플라스틱 양동이,흰색 플라스틱 양동이,1,1
흰색 플라스틱 용기,흰색 플라스틱 용기,5,1
흰색 플라스틱 쟁반,흰색 플라스틱 쟁반,1,1
흰색 플라스틱 컵,흰색 플라스틱 컵,1,1
흰색 플라스틱 통,흰색 플라스틱 통,1,1
흰색과 검은색,흰색과 검은색,1,1
흰색과 분홍색,흰색과 분홍색,1,1
흰색과 주황색의 종이 용기,흰색과 주황색의 종이 용기,1,1
흰색과 초록색,흰색과 초록색,1,1
